,count,mean,std,min,25%,50%,75%,max
age,1000.0,43.783,15.042213240716249,18.0,30.0,45.0,57.0,69.0
income,1000.0,88500.8,34230.77112248042,30004.0,57911.75,87845.5,116110.25,149973.0
spending_score,1000.0,50.685,28.95517530903892,1.0,26.0,50.0,76.0,100.0
membership_years,1000.0,5.469,2.8557300632577642,1.0,3.0,5.0,8.0,10.0
purchase_frequency,1000.0,26.596,14.243653522382017,1.0,15.0,27.0,39.0,50.0
last_purchase_amount,1000.0,492.34867,295.7442525647052,10.4,218.76250000000002,491.595,747.1700000000001,999.74
